method,n_points,mean_RMSE,std_RMSE,n_spectra
Adaptive,10,0.01167909371821832,0.014965301676878382,40
Adaptive,11,0.004292629871684575,0.00434818002181003,40
Adaptive,12,0.0033336832052988747,0.003097206682666217,40
Adaptive,13,0.002385162935587295,0.002804871490268919,40
Adaptive,14,0.0022108617034230626,0.0025358045733738952,40
Adaptive,15,0.0015219989178225624,0.0010971997164404567,40
Adaptive,16,0.00131526808280615,0.000753070768127049,40
Adaptive,17,0.0012834728385448999,0.000802197711636206,40
Adaptive,18,0.0011390749610730327,0.0007886597893181433,40
Adaptive,19,0.0010702121614957426,0.0007418177163944447,40
Adaptive,20,0.0009710387838523999,0.0007462597016810891,40
Adaptive,21,0.0009185857591168705,0.0007450614927953042,40
Adaptive,22,0.0008683914199870671,0.000767390237865749,40
Adaptive,23,0.0007288497378896815,0.0006452324591035018,40
Adaptive,24,0.0005387448111925073,0.0003789030313272245,40
Adaptive,25,0.0004650326311948125,0.0003351839607452489,40
Adaptive,26,0.0004214454961649681,0.00032244605065044895,40
Adaptive,27,0.00044590180909688727,0.00037970265712786297,40
Adaptive,28,0.0004251864248859914,0.0003816437413360611,40
Adaptive,29,0.00041383927164335456,0.00038681339361727605,40
Adaptive,30,0.00038319929139955827,0.000327079582418996,40
Adaptive,31,0.00037646755243188736,0.00034970323556529495,40
Adaptive,32,0.00034217961954538376,0.00031781996171446924,40
Adaptive,33,0.00033663016151444617,0.00031437516407759703,40
Adaptive,34,0.00030219103729332267,0.0003145563939764672,40
Adaptive,35,0.0002961307110953079,0.000306662760256359,40
Adaptive,36,0.0002883324624460609,0.0002937581893222899,40
Adaptive,37,0.00028654195776297117,0.00029196536964522436,40
Adaptive,38,0.000257343827639116,0.00023988154070187507,40
Adaptive,39,0.0002470166642946329,0.00023238883216878924,40
Adaptive,40,0.0002382317876993897,0.00021142073208707115,40
Adaptive,41,0.00023466395629651867,0.00021127257774270506,40
Adaptive,42,0.00023678607124062866,0.0001974139494863071,40
Adaptive,43,0.00023770293441401788,0.00019479571821048598,40
Adaptive,44,0.00022515124525226336,0.00018252169789344198,40
Adaptive,45,0.00022279772620461747,0.00017963797243310365,40
Adaptive,46,0.00021540639932973233,0.0001696587347528026,40
Adaptive,47,0.0002114647373366157,0.00017009375353035073,40
Adaptive,48,0.00020503169380715246,0.00016068823658091234,40
Adaptive,49,0.00020096633630009046,0.00016503867058879944,40
Adaptive,50,0.00019199567757189235,0.0001486761610597734,40
Adaptive,51,0.00018939454163470221,0.00014520406947596593,40
Adaptive,52,0.00018819319020975563,0.00014107364162530301,40
Adaptive,53,0.0001812484947316439,0.0001325099715742921,40
Adaptive,54,0.00017583401538975085,0.00013073113740301226,40
Adaptive,55,0.00016739355741618667,0.00012965426644343724,40
Adaptive,56,0.00016347533851581477,0.0001280428961532012,40
Adaptive,57,0.0001592839264479672,0.0001278371568455846,40
Adaptive,58,0.00015832299325382052,0.00012488377611543362,40
Adaptive,59,0.00015843358631473974,0.00012533813146789715,40
Adaptive,60,0.00015805517248111594,0.00012327003362456646,40
Adaptive,61,0.00016090037685527784,0.0001247613752845243,40
Adaptive,62,0.0001591676266267849,0.00012421255082211278,40
Adaptive,63,0.00015967111491732832,0.0001216187738716536,40
Adaptive,64,0.00015471533065938926,0.0001176145895421982,40
Adaptive,65,0.00015541825396306048,0.00011690306960763993,40
Adaptive,66,0.00015277749096454608,0.00011343926928828021,40
Adaptive,67,0.00015378494250420285,0.00011358560110757729,40
Adaptive,68,0.00015464549711257207,0.00011129401261173575,40
Adaptive,69,0.0001530685531067497,0.00011141860870713566,40
Adaptive,70,0.00015142768177788028,0.00011142484873860114,40
Adaptive,71,0.0001512403182802436,0.00011135004571938535,40
Adaptive,72,0.00014978958283519205,0.00011143479188576037,40
Adaptive,73,0.00014847310786555334,0.00011112180764302777,40
Adaptive,74,0.00014753713148808555,0.00010968393977461357,40
Adaptive,75,0.00014747199725177664,0.00010882667785704894,40
Adaptive,76,0.0001478877920413055,0.00010864330814515736,40
Adaptive,77,0.00014894994635692902,0.00010810575059710775,40
Adaptive,78,0.00015070022499984252,0.00010925390049988169,40
Adaptive,79,0.00015235892024041952,0.00011037073074559458,40
Adaptive,80,0.00015271781631240997,0.00011122223885099191,40
Random,10,0.01107085878428514,0.003633000299716564,40
Random,11,0.00995181749550017,0.0031362419913381003,40
Random,12,0.009479831682592622,0.0035087987839374163,40
Random,13,0.008744449461522624,0.0032372568554012472,40
Random,14,0.008542189037194873,0.0023452921451376702,40
Random,15,0.0076268257136791195,0.002248124054072879,40
Random,16,0.007945450914198456,0.0026566572322035188,40
Random,17,0.007398531664207975,0.002164498742395954,40
Random,18,0.006400496762374345,0.0016768947713760095,40
Random,19,0.00638392082869661,0.001954893655459087,40
Random,20,0.006134846362899458,0.0019330329337284376,40
Random,21,0.005766035309658885,0.0019487473379783532,40
Random,22,0.005621551245056726,0.0014611896531497195,40
Random,23,0.005089771501519923,0.0014190581145739714,40
Random,24,0.004756597398786622,0.0015432275889326877,40
Random,25,0.004629612579960575,0.0015458289674810765,40
Random,26,0.004319548521367485,0.001662089869642253,40
Random,27,0.004843796883882325,0.0015505513898833327,40
Random,28,0.004072524316061527,0.0016083653927323849,40
Random,29,0.00395494622021891,0.0015062932755018634,40
Random,30,0.003869890142393902,0.0012611925219116122,40
Random,31,0.0037366682313559945,0.0012293136575265414,40
Random,32,0.0034521207961827976,0.001448765582556389,40
Random,33,0.0035260424801037923,0.0013147166768047208,40
Random,34,0.003087652718798435,0.00110763318930641,40
Random,35,0.00333138171479992,0.0013962437411811864,40
Random,36,0.002933343882312615,0.0013103580103544046,40
Random,37,0.0028877020263613326,0.0014143666418380727,40
Random,38,0.0027017450245250475,0.001157171603861141,40
Random,39,0.0027873366692678847,0.0016012543131989554,40
Random,40,0.0025548850780325125,0.0010704017364158605,40
Random,41,0.002284379817535687,0.0010752557845476022,40
Random,42,0.00234475067708062,0.0009584513811437646,40
Random,43,0.0021946071560439576,0.0010039931225910386,40
Random,44,0.0022006826980721602,0.00098365558013272,40
Random,45,0.00227064079273063,0.0012709219231942831,40
Random,46,0.0023075140009316077,0.0010190760066608475,40
Random,47,0.002083123510358205,0.0010472105049688229,40
Random,48,0.00216120643532882,0.0011760154855984732,40
Random,49,0.00203654418213688,0.0010551532764890112,40
Random,50,0.0019526330687013298,0.0009842226335732731,40
Random,51,0.0018222022372223802,0.0009181269541612506,40
Random,52,0.0017176970464860574,0.0008271410991760671,40
Random,53,0.00171272499581224,0.0011173543478281533,40
Random,54,0.0017070324316299575,0.0009337208069435971,40
Random,55,0.00173950733126082,0.0010050793016734873,40
Random,56,0.0014849554428672026,0.0006604722004159733,40
Random,57,0.0016550568572500225,0.001110245783986414,40
Random,58,0.00157267604658591,0.0009737582767469912,40
Random,59,0.0016179130168139147,0.0009066788763950321,40
Random,60,0.0014976662892118224,0.0007582424888003509,40
Random,61,0.0014417987885229524,0.0007523581157594278,40
Random,62,0.0013614435280259476,0.0005753433434587553,40
Random,63,0.0013587487853478901,0.0007737632410752308,40
Random,64,0.001343602036141725,0.0006771898097913694,40
Random,65,0.00130145795248255,0.0005873969233802847,40
Random,66,0.0012957314810645175,0.0007333574825630262,40
Random,67,0.001189030287646345,0.0006168598492991783,40
Random,68,0.0013129255535088424,0.000931882547781804,40
Random,69,0.0012396262498873226,0.000586623867425686,40
Random,70,0.00118719182842612,0.0005310977056129737,40
Random,71,0.0011585762082548525,0.000717521909432792,40
Random,72,0.0010739661711767225,0.00044939309481864965,40
Random,73,0.001074759546341655,0.0006170521866456813,40
Random,74,0.0010282084218432351,0.0005123087422334658,40
Random,75,0.0010218262597557226,0.0005146345747535527,40
Random,76,0.001031553395339495,0.0006158915937059277,40
Random,77,0.0010358736789723676,0.0006326950037550602,40
Random,78,0.0009618362194945825,0.0004341689981817223,40
Random,79,0.0009212126367643574,0.0003496883466653541,40
Random,80,0.0010559158231384326,0.0006122580602899998,40
Uniform,10,0.012935934059292078,0.014487153461633403,40
Uniform,11,0.004984390605750472,0.004406008019561211,40
Uniform,12,0.008828991491626725,0.009516395485174172,40
Uniform,13,0.004595974037614407,0.002206318048858565,40
Uniform,14,0.008636640921526979,0.009694679668446803,40
Uniform,15,0.004904912206129978,0.004588914873190972,40
Uniform,16,0.006574568084497789,0.007752274783342638,40
Uniform,17,0.010236806612294262,0.011909458755433717,40
Uniform,18,0.004652164107905115,0.007612348587304154,40
Uniform,19,0.00764237672736003,0.009862836065204161,40
Uniform,20,0.00288003374753327,0.0021037643400878226,40
Uniform,21,0.00651801934701563,0.009439909419782375,40
Uniform,22,0.0018095193766682425,0.0011365071789149394,40
Uniform,23,0.00553194788742875,0.008646993665858436,40
Uniform,24,0.0019017155302471077,0.0013197614293155718,40
Uniform,25,0.004070108212249972,0.006164742430913141,40
Uniform,26,0.001742768374838845,0.0012136938485072658,40
Uniform,27,0.003915610252881652,0.007688040075652332,40
Uniform,28,0.0015405821724401175,0.0009922765559503817,40
Uniform,29,0.002908359390918525,0.005448774493236555,40
Uniform,30,0.0017933137106716074,0.002407588446095394,40
Uniform,31,0.0029892458141951724,0.006494491083990901,40
Uniform,32,0.0018448376935734552,0.0023562113966973126,40
Uniform,33,0.00240041315555311,0.005460118088593367,40
Uniform,34,0.0039298187388068775,0.007527779038040131,40
Uniform,35,0.0023680637587676473,0.005449228838598286,40
Uniform,36,0.003929255988535135,0.007944256989704617,40
Uniform,37,0.002675515404179862,0.005610812917403738,40
Uniform,38,0.003146876010850318,0.0067563911530853955,40
Uniform,39,0.0024298453116055026,0.005824173070023478,40
Uniform,40,0.003211639909759455,0.006774306914740165,40
Uniform,41,0.002443903887153193,0.005815343354532213,40
Uniform,42,0.001764037918653445,0.004783948218359513,40
Uniform,43,0.0015610639479787369,0.003514344550125292,40
Uniform,44,0.00173066293354654,0.004806940870161349,40
Uniform,45,0.0015275231722389863,0.0035185287808532574,40
Uniform,46,0.0016456235353438102,0.004813367116508221,40
Uniform,47,0.000561427595252866,0.0003173206662286654,40
Uniform,48,0.0009958090745786426,0.0027129960053263354,40
Uniform,49,0.0010453562768337325,0.0034063099059222714,40
Uniform,50,0.0008701251967286744,0.0026863833002800062,40
Uniform,51,0.0009900664833771488,0.003414005739836719,40
Uniform,52,0.000879629572191509,0.0026915811153058996,40
Uniform,53,0.000432568189277355,0.0002758238866982442,40
Uniform,54,0.0003963255545095825,0.00024001733319815546,40
Uniform,55,0.00056813907016207,0.0010908832967677765,40
Uniform,56,0.0004460503443395627,0.00037956374663890275,40
Uniform,57,0.0005737420618514919,0.0011005001972081705,40
Uniform,58,0.00044797940818389146,0.0004265610603193428,40
Uniform,59,0.0003962938351397159,0.0002804907749209071,40
Uniform,60,0.0003549632124139225,0.0002585315409247462,40
Uniform,61,0.00037328221661401905,0.0002899452844187939,40
Uniform,62,0.00033022358581181284,0.00019064152826656525,40
Uniform,63,0.0007504607397217809,0.0024854829833606644,40
Uniform,64,0.00027680144831136256,0.0001905802158838656,40
Uniform,65,0.00025461741843835965,0.00019428419707314746,40
Uniform,66,0.0002591607006935529,0.00019600255607051895,40
Uniform,67,0.00023827246327209108,0.0001889086777360123,40
Uniform,68,0.0007061642514011406,0.002909107656029091,40
Uniform,69,0.000257867095827707,0.00017578251591292906,40
Uniform,70,0.0007047562626580145,0.002909464323575884,40
Uniform,71,0.00025509368533643226,0.00021095329767328587,40
Uniform,72,0.0007196841929001989,0.0029047610756095985,40
Uniform,73,0.00025800045319333744,0.0001869583830022186,40
Uniform,74,0.0007427595243995264,0.0029003870792655008,40
Uniform,75,0.0002935369977354026,0.00020397750839626315,40
Uniform,76,0.00024197286065521153,0.00012924106934260153,40
Uniform,77,0.0002720266538249938,0.00016651579681368413,40
Uniform,78,0.0002398943938415903,0.00020053850884389125,40
Uniform,79,0.0002602401728238144,0.00015143761949037743,40
Uniform,80,0.0002529557444009901,0.00019488305082209748,40
